Model,MAE,MSE,RMSE
Holt-Winters,37359.19642546328,3022752840.2442355,46113.84683255133
SARIMA,38909.79847153456,3175906119.3233156,47397.13069861428
